product_id,style_tag
1,contemporary
1,easy-clean
1,transitional
2,contemporary
2,easy-clean
2,transitional
3,modern-farmhouse
3,space-saving
3,compact
4,modern-farmhouse
4,space-saving
4,compact
5,modern-farmhouse
5,space-saving
5,compact
6,modern-farmhouse
6,space-saving
6,compact
7,modern-farmhouse
7,space-saving
7,compact
8,modern-farmhouse
8,space-saving
8,compact
9,modern-farmhouse
9,space-saving
9,compact
10,modern-farmhouse
10,space-saving
10,compact
11,modern-farmhouse
11,space-saving
11,compact
12,marble-finish
12,luxury-minimal
12,smart
13,marble-finish
13,luxury-minimal
13,smart
14,marble-finish
14,luxury-minimal
14,smart
15,marble-finish
15,luxury-minimal
15,smart
16,marble-finish
16,luxury-minimal
16,smart
17,marble-finish
17,luxury-minimal
17,smart
18,marble-finish
18,luxury-minimal
18,smart
19,marble-finish
19,luxury-minimal
19,smart
20,marble-finish
20,luxury-minimal
20,smart
21,marble-finish
21,luxury-minimal
21,smart
22,marble-finish
22,luxury-minimal
22,smart
23,marble-finish
23,luxury-minimal
23,smart
24,marble-finish
24,luxury-minimal
24,smart
25,marble-finish
25,luxury-minimal
25,smart
26,marble-finish
26,luxury-minimal
26,smart
27,marble-finish
27,luxury-minimal
27,smart
28,marble-finish
28,luxury-minimal
28,smart
29,marble-finish
29,luxury-minimal
29,smart
30,marble-finish
30,luxury-minimal
30,smart
31,marble-finish
31,luxury-minimal
31,smart
32,marble-finish
32,luxury-minimal
32,smart
33,marble-finish
33,luxury-minimal
33,smart
34,marble-finish
34,luxury-minimal
34,smart
35,marble-finish
35,luxury-minimal
35,smart
36,marble-finish
36,luxury-minimal
36,smart
37,marble-finish
37,luxury-minimal
37,smart
38,marble-finish
38,luxury-minimal
38,smart
39,marble-finish
39,luxury-minimal
39,smart
40,marble-finish
40,luxury-minimal
40,smart
41,marble-finish
41,luxury-minimal
41,smart
42,marble-finish
42,luxury-minimal
42,smart
43,marble-finish
43,luxury-minimal
43,smart
44,marble-finish
44,luxury-minimal
44,smart
45,marble-finish
45,luxury-minimal
45,smart
46,marble-finish
46,luxury-minimal
46,smart
47,marble-finish
47,luxury-minimal
47,smart
48,marble-finish
48,luxury-minimal
48,smart
49,marble-finish
49,luxury-minimal
49,smart
50,marble-finish
50,luxury-minimal
50,smart
51,marble-finish
51,luxury-minimal
51,smart
52,marble-finish
52,luxury-minimal
52,smart
53,marble-finish
53,luxury-minimal
53,smart
54,marble-finish
54,luxury-minimal
54,smart
55,marble-finish
55,luxury-minimal
55,smart
56,marble-finish
56,luxury-minimal
56,smart
57,marble-finish
57,luxury-minimal
57,smart
58,marble-finish
58,luxury-minimal
58,smart
59,marble-finish
59,luxury-minimal
59,smart
60,marble-finish
60,luxury-minimal
60,smart
61,marble-finish
61,luxury-minimal
61,smart
62,marble-finish
62,luxury-minimal
62,smart
63,marble-finish
63,luxury-minimal
63,smart
64,marble-finish
64,luxury-minimal
64,smart
65,marble-finish
65,luxury-minimal
65,smart
66,marble-finish
66,luxury-minimal
66,smart
67,marble-finish
67,luxury-minimal
67,smart
68,marble-finish
68,luxury-minimal
68,smart
69,marble-finish
69,luxury-minimal
69,smart
70,marble-finish
70,luxury-minimal
70,smart
71,marble-finish
71,luxury-minimal
71,smart
72,marble-finish
72,luxury-minimal
72,smart
73,marble-finish
73,luxury-minimal
73,smart
74,marble-finish
74,luxury-minimal
74,smart
75,marble-finish
75,luxury-minimal
75,smart
76,marble-finish
76,luxury-minimal
76,smart
77,marble-finish
77,luxury-minimal
77,smart
78,marble-finish
78,luxury-minimal
78,smart
79,marble-finish
79,luxury-minimal
79,smart
80,marble-finish
80,luxury-minimal
80,smart
81,marble-finish
81,luxury-minimal
81,smart
82,marble-finish
82,luxury-minimal
82,smart
83,marble-finish
83,luxury-minimal
83,smart
84,marble-finish
84,luxury-minimal
84,smart
85,marble-finish
85,luxury-minimal
85,smart
86,marble-finish
86,luxury-minimal
86,smart
87,marble-finish
87,luxury-minimal
87,smart
88,marble-finish
88,luxury-minimal
88,smart
89,marble-finish
89,luxury-minimal
89,smart
90,marble-finish
90,luxury-minimal
90,smart
91,marble-finish
91,luxury-minimal
91,smart
92,marble-finish
92,luxury-minimal
92,smart
93,marble-finish
93,luxury-minimal
93,smart
94,marble-finish
94,luxury-minimal
94,smart
95,marble-finish
95,luxury-minimal
95,smart
96,marble-finish
96,luxury-minimal
96,smart
97,marble-finish
97,luxury-minimal
97,smart
98,marble-finish
98,luxury-minimal
98,smart
99,marble-finish
99,luxury-minimal
99,smart
100,marble-finish
100,luxury-minimal
100,smart
101,marble-finish
101,luxury-minimal
101,smart
102,marble-finish
102,luxury-minimal
102,smart
103,marble-finish
103,luxury-minimal
103,smart
104,marble-finish
104,luxury-minimal
104,smart
105,marble-finish
105,luxury-minimal
105,smart
106,marble-finish
106,luxury-minimal
106,smart
107,marble-finish
107,luxury-minimal
107,smart
108,marble-finish
108,luxury-minimal
108,smart
109,marble-finish
109,luxury-minimal
109,smart
110,marble-finish
110,luxury-minimal
110,smart
111,marble-finish
111,luxury-minimal
111,smart
112,marble-finish
112,luxury-minimal
112,smart
113,marble-finish
113,luxury-minimal
113,smart
114,marble-finish
114,luxury-minimal
114,smart
115,marble-finish
115,luxury-minimal
115,smart
116,marble-finish
116,luxury-minimal
116,smart
117,marble-finish
117,luxury-minimal
117,smart
118,marble-finish
118,luxury-minimal
118,smart
119,marble-finish
119,luxury-minimal
119,smart
120,marble-finish
120,luxury-minimal
120,smart
121,marble-finish
121,luxury-minimal
121,smart
122,marble-finish
122,luxury-minimal
122,smart
123,marble-finish
123,luxury-minimal
123,smart
124,marble-finish
124,luxury-minimal
124,smart
125,marble-finish
125,luxury-minimal
125,smart
126,marble-finish
126,luxury-minimal
126,smart
127,marble-finish
127,luxury-minimal
127,smart
128,marble-finish
128,luxury-minimal
128,smart
129,marble-finish
129,luxury-minimal
129,smart
130,marble-finish
130,luxury-minimal
130,smart
131,marble-finish
131,luxury-minimal
131,smart
132,marble-finish
132,luxury-minimal
132,smart
133,marble-finish
133,luxury-minimal
133,smart
134,marble-finish
134,luxury-minimal
134,smart
135,marble-finish
135,luxury-minimal
135,smart
136,marble-finish
136,luxury-minimal
136,smart
137,marble-finish
137,luxury-minimal
137,smart
138,marble-finish
138,luxury-minimal
138,smart
139,marble-finish
139,luxury-minimal
139,smart
140,marble-finish
140,luxury-minimal
140,smart
141,marble-finish
141,luxury-minimal
141,smart
142,marble-finish
142,luxury-minimal
142,smart
143,marble-finish
143,luxury-minimal
143,smart
144,marble-finish
144,luxury-minimal
144,smart
145,marble-finish
145,luxury-minimal
145,smart
146,easy-clean
146,modern-farmhouse
146,space-saving
147,easy-clean
147,modern-farmhouse
147,space-saving
148,easy-clean
148,modern-farmhouse
148,space-saving
149,easy-clean
149,modern-farmhouse
149,space-saving
150,easy-clean
150,modern-farmhouse
150,space-saving
151,marble-finish
151,easy-clean
151,luxury-minimal
152,marble-finish
152,easy-clean
152,luxury-minimal
153,modern-farmhouse
153,space-saving
153,compact
154,modern-farmhouse
154,space-saving
154,compact
155,modern-farmhouse
155,space-saving
155,compact
156,marble-finish
156,luxury-minimal
156,gold-accents
157,marble-finish
157,luxury-minimal
157,gold-accents
158,marble-finish
158,luxury-minimal
158,gold-accents
159,marble-finish
159,luxury-minimal
159,gold-accents
160,marble-finish
160,luxury-minimal
160,gold-accents
161,marble-finish
161,luxury-minimal
161,gold-accents
162,marble-finish
162,luxury-minimal
162,gold-accents
163,marble-finish
163,luxury-minimal
163,gold-accents
164,marble-finish
164,luxury-minimal
164,gold-accents
165,marble-finish
165,luxury-minimal
165,gold-accents
166,marble-finish
166,luxury-minimal
166,gold-accents
167,contemporary
167,easy-clean
167,smart
168,contemporary
168,easy-clean
168,smart
169,marble-finish
169,luxury-minimal
169,smart
170,marble-finish
170,luxury-minimal
170,smart
171,marble-finish
171,luxury-minimal
171,smart
172,marble-finish
172,luxury-minimal
172,smart
173,marble-finish
173,luxury-minimal
173,smart
174,marble-finish
174,luxury-minimal
174,smart
175,marble-finish
175,luxury-minimal
175,smart
176,marble-finish
176,easy-clean
176,luxury-minimal
177,marble-finish
177,luxury-minimal
177,smart
178,marble-finish
178,luxury-minimal
178,smart
179,marble-finish
179,luxury-minimal
179,smart
180,marble-finish
180,luxury-minimal
180,smart
181,marble-finish
181,luxury-minimal
181,smart
182,marble-finish
182,luxury-minimal
182,smart
183,marble-finish
183,luxury-minimal
183,smart
184,marble-finish
184,luxury-minimal
184,smart
185,modern-farmhouse
185,space-saving
185,compact
186,modern-farmhouse
186,space-saving
186,compact
187,modern-farmhouse
187,space-saving
187,compact
188,modern-farmhouse
188,space-saving
188,compact
189,modern-farmhouse
189,space-saving
189,compact
190,modern-farmhouse
190,space-saving
190,compact
191,modern-farmhouse
191,space-saving
191,compact
192,modern-farmhouse
192,space-saving
192,compact
193,modern-farmhouse
193,space-saving
193,compact
194,modern-farmhouse
194,space-saving
194,compact
195,modern-farmhouse
195,space-saving
195,compact
196,modern-farmhouse
196,space-saving
196,compact
197,marble-finish
197,luxury-minimal
197,gold-accents
198,marble-finish
198,luxury-minimal
198,gold-accents
199,contemporary
199,water-efficient
199,easy-clean
200,contemporary
200,water-efficient
200,easy-clean
201,contemporary
201,water-efficient
201,easy-clean
202,contemporary
202,water-efficient
202,easy-clean
203,contemporary
203,water-efficient
203,easy-clean
204,contemporary
204,water-efficient
204,easy-clean
205,water-efficient
205,modern-farmhouse
205,space-saving
206,water-efficient
206,modern-farmhouse
206,space-saving
207,water-efficient
207,modern-farmhouse
207,space-saving
208,water-efficient
208,modern-farmhouse
208,space-saving
209,water-efficient
209,modern-farmhouse
209,space-saving
210,easy-clean
210,modern-farmhouse
210,space-saving
211,easy-clean
211,modern-farmhouse
211,space-saving
212,easy-clean
212,modern-farmhouse
212,space-saving
213,easy-clean
213,modern-farmhouse
213,space-saving
214,marble-finish
214,easy-clean
214,luxury-minimal
215,marble-finish
215,easy-clean
215,luxury-minimal
216,marble-finish
216,easy-clean
216,luxury-minimal
217,marble-finish
217,easy-clean
217,luxury-minimal
218,marble-finish
218,easy-clean
218,luxury-minimal
