product_id,category,brand,name,model_name,price,tier,url,catalog_image,render_image,total_images
zeza-zeza-square-inbouwbad,Bathtub,Zeza,Zeza Square inbouwbad,Zeza Square inbouwbad,194.99,budget,https://www.sawiday.be/nl-be/p/77792522/zeza-square-ligbad-180x80cm-acryl-glans-wit,https://static.rorix.nl/image/product/overig/2000x2000/ca9fa01710cc8a2c5f6c6228aaf55191.jpg/zeza-square-ligbad-180x80cm-acryl-glans-wit-sw1015084.jpg,https://static.rorix.nl/image/product/overig/2000x2000/5e441b36812227d234b0d9cc59298218.jpg/zeza-square-ligbad-180x80cm-acryl-glans-wit-sw1015084.jpg,5
zeza-zeza-oval-inbouwbad,Bathtub,Zeza,Zeza Oval inbouwbad,Zeza Oval inbouwbad,204.99,budget,https://www.sawiday.be/nl-be/p/77792518/zeza-oval-ligbad-190x90cm-acryl-duo-glans-wit,https://static.rorix.nl/image/product/overig/2000x2000/e64483a13e0a3a0cb525ae4aeceb42c4.jpg/zeza-oval-ligbad-190x90cm-acryl-duo-glans-wit-sw1015080.jpg,https://static.rorix.nl/image/product/overig/2000x2000/0f0e990fb1225d2afac326c0f2a961e0.jpg/zeza-oval-ligbad-190x90cm-acryl-duo-glans-wit-sw1015080.jpg,5
go-by-van-marcke-go-by-van-marcke-inbouwbad,Bathtub,GO by Van Marcke,GO by Van Marcke inbouwbad,GO by Van Marcke inbouwbad,371.94,mid,https://www.sawiday.be/nl-be/p/77203586/go-by-van-marcke-stelli-inbouwbad-duo-190x90x48cm-230l-wit-acryl-met-potenstel,https://static.rorix.nl/image/product/overig/2000x2000/e98dbc34a136d2baa77465e2b97ec660.jpg/go-by-van-marcke-stelli-inbouwbad-duo-190x90x48cm-230l-wit-acryl-met-potenstel-sw443987.jpg,https://static.rorix.nl/document/product/overig/a6330beac2a180c81c0ef02b4c6272e8.png,4
villeroy-boch-villeroy-boch-oberon-inbouwbad,Bathtub,Villeroy & Boch,Villeroy & Boch Oberon inbouwbad,Villeroy & Boch Oberon inbouwbad,682.05,premium,https://www.sawiday.be/nl-be/p/16166/villeroy-en-boch-oberon-bad-170x70cm-quaryl-rechthoekig-met-poten-wit,https://static.rorix.nl/image/product/overig/2000x2000/9d1a50943c8fc71590ee2c8a95af40bf.jpg/villeroy-boch-oberon-bad-170x70cm-quaryl-rechthoekig-met-poten-wit-0949984.jpg,https://static.rorix.nl/document/product/overig/40c7a469aa07af533d49e2c0a127d891.png,5
villeroy-boch-villeroy-boch-onovo-design-duobad,Bathtub,Villeroy & Boch,Villeroy & Boch O.novo Design Duobad,Villeroy & Boch O.novo Design Duobad,379.0,mid,https://www.sawiday.be/nl-be/p/75630288/villeroy-en-boch-o.novo-design-kunststof-bad-acryl-rechthoekig-180x80x48cm-exclusief-poten-wit,https://static.rorix.nl/image/product/overig/2000x2000/4c30efceb793e54a1d15bc4da09cb468.jpg/villeroy-boch-o.novo-design-bad-acryl-rechthoekig-180x80x48cm-wit-0930450.jpg,https://static.rorix.nl/document/product/galvano/D130001001264012.jpg,5
villeroy-boch-villeroy-boch-architectura-inbouwbad,Bathtub,Villeroy & Boch,Villeroy & Boch Architectura inbouwbad,Villeroy & Boch Architectura inbouwbad,410.77,mid,https://www.sawiday.be/nl-be/p/75670406/villeroy-en-boch-omnia-architectura-bad-150x70-cm.-wit,https://static.rorix.nl/image/product/overig/2000x2000/4cd2206b1adca4f438e5149834ad2c70.jpg/villeroy-boch-omnia-architectura-bad-150x70cm-wit-ga68304.jpg,https://static.rorix.nl/image/product/overig/2000x2000/01a1c3b03183f41de4340a19144d04ec.jpg/villeroy-boch-omnia-architectura-bad-150x70cm-wit-ga68304.jpg,5
villeroy-boch-villeroy-boch-onovo-inbouwbad,Bathtub,Villeroy & Boch,Villeroy & Boch O.novo inbouwbad,Villeroy & Boch O.novo inbouwbad,412.67,mid,https://www.sawiday.be/nl-be/p/67586/villeroy-boch-o.novo-bad-rechthoek-solo-170x70-cm.-wit,https://static.rorix.nl/image/product/overig/2000x2000/3bbbb73b0f4417583bb04ea31f057d9e.jpg/villeroy-boch-o.novo-bad-rechthoek-solo-170x70cm-wit-0930602.jpg,https://static.rorix.nl/image/product/galvano/2000x2000/D13000100178229.jpeg/villeroy-boch-o.novo-bad-rechthoek-solo-170x70cm-wit-0930602.jpeg,5
xenz-xenz-kanaga-inbouwbad,Bathtub,Xenz,Xenz Kanaga inbouwbad,Xenz Kanaga inbouwbad,1057.54,premium,https://www.sawiday.be/nl-be/p/76899877/xenz-kanaga-duobad-190x90x53-afvoer-midden-acryl-wit,https://static.rorix.nl/image/product/overig/2000x2000/73e6b4338dcd0b0c7345dd53b1e1365a.jpg/xenz-kanaga-duobad-190x90x53-afvoer-midden-acryl-wit-sw103330.jpg,https://static.rorix.nl/image/product/overig/2000x2000/ad122efec1944a389ba0b57e34e386a7.jpg/xenz-kanaga-duobad-190x90x53-afvoer-midden-acryl-wit-sw103330.jpg,5
xenz-xenz-kristal-inbouwbad,Bathtub,Xenz,Xenz Kristal inbouwbad,Xenz Kristal inbouwbad,845.79,premium,https://www.sawiday.be/nl-be/p/77135578/xenz-kristal-ligbad-180x80x48-afvoer-midden-acryl-wit,https://static.rorix.nl/image/product/overig/2000x2000/141c7dc4933392028c31dbafaef08788.jpg/xenz-kristal-ligbad-180x80x48-afvoer-midden-acryl-wit-sw378483.jpg,https://static.rorix.nl/image/product/overig/2000x2000/a1366d282920c60b7345ff8578cb2145.jpg/xenz-kristal-ligbad-180x80x48-afvoer-midden-acryl-wit-sw378483.jpg,5
xenz-xenz-robijn-inbouwbad,Bathtub,Xenz,Xenz Robijn inbouwbad,Xenz Robijn inbouwbad,1069.64,premium,https://www.sawiday.be/nl-be/p/77135390/xenz-robijn-duobad-180x80x48-afvoer-midden-acryl-wit-mat,https://static.rorix.nl/image/product/overig/2000x2000/ad12f2eef9fc1ea24e141fbb15ad4029.jpg/xenz-robijn-duobad-180x80x48-afvoer-midden-acryl-wit-mat-sw378297.jpg,https://static.rorix.nl/image/product/overig/2000x2000/f6ee6a1081cfc359209d4dd9e23fae88.jpg/xenz-robijn-duobad-180x80x48-afvoer-midden-acryl-wit-mat-sw378297.jpg,5
nemo-nemo-start-bad-douche-combinatie,Bathtub,Nemo,Nemo Start Bad douche combinatie,Nemo Start Bad douche combinatie,319.99,mid,https://www.sawiday.be/nl-be/p/77079155/nemo-start-combi-ii-douchebad-170x75x44cm-210l-met-potenstel-wit-acryl,https://static.rorix.nl/image/product/van-marcke/2000x2000/3dec732923d71fdefebda8bb4b265a20.jpg/nemo-start-combi-ii-douchebad-170x75x44cm-210l-met-potenstel-wit-acryl-sw294677.jpg,https://static.rorix.nl/image/product/van-marcke/2000x2000/562cd3104204361c9d45a1973e5113ab.jpg/nemo-start-combi-ii-douchebad-170x75x44cm-210l-met-potenstel-wit-acryl-sw294677.jpg,3
nemo-nemo-spring-inbouwbad,Bathtub,Nemo,Nemo Spring inbouwbad,Nemo Spring inbouwbad,277.99,budget,"https://www.sawiday.be/nl-be/p/77079348/nemo-spring-nantes-inbouwbad-mono-afvoer-d52-170x75x40cm-185l-met-potenstel-wit-acryl-conform-en-normen-en-198-,-en-232-en-14516-2010",https://static.rorix.nl/image/product/van-marcke/2000x2000/fe53045354799646ea04c6794a3850a2.jpg/nemo-spring-nantes-inbouwbad-mono-afvoer-d52-170x75x40cm-185l-met-potenstel-wit-acryl-sw294870.jpg,https://static.rorix.nl/image/product/van-marcke/2000x2000/a9ebc319c63e3c3c7984302d78fce15e.jpg/nemo-spring-nantes-inbouwbad-mono-afvoer-d52-170x75x40cm-185l-met-potenstel-wit-acryl-sw294870.jpg,2
nemo-nemo-start-inbouwbad,Bathtub,Nemo,Nemo Start inbouwbad,Nemo Start inbouwbad,279.99,budget,"https://www.sawiday.be/nl-be/p/77079275/nemo-start-zen-ii-inbouwbad-mono-afvoer-d52-1700x750x400mm-230l-met-potenstel-wit-acryl-conform-en-normen-en-198-,-en-232-en-14516-2010",https://static.rorix.nl/image/product/van-marcke/2000x2000/e3d24c19bef37616845aa418ce1fa789.jpg/nemo-start-zen-ii-inbouwbad-170x75x40cm-230l-met-potenstel-wit-acryl-sw294797.jpg,https://static.rorix.nl/image/product/van-marcke/2000x2000/953f1c1d2a20d09bb19720219ccb08a5.jpg/nemo-start-zen-ii-inbouwbad-170x75x40cm-230l-met-potenstel-wit-acryl-sw294797.jpg,4
xellanz-xellanz-duobad,Bathtub,Xellanz,Xellanz Duobad,Xellanz Duobad,419.99,mid,https://www.sawiday.be/nl-be/p/76636196/xellanz-portus-rd-inbouw-duo-ligbad-190x90x49-cm-acryl-glans-wit,https://static.rorix.nl/image/product/overig/2000x2000/53bfd06ae8df8.jpg/xellanz-portus-rd-inbouw-duo-ligbad-190x90x49-cm-acryl-glans-wit-sw72154.jpg,https://static.rorix.nl/image/product/overig/2000x2000/53bfd06d1b610.jpg/xellanz-portus-rd-inbouw-duo-ligbad-190x90x49-cm-acryl-glans-wit-sw72154.jpg,5
wavedesign-by-wisa-wavedesign-by-wisa-tesa-alle-baden,Bathtub,WaveDesign by Wisa,WaveDesign by Wisa Tesa Alle baden,WaveDesign by Wisa Tesa Alle baden,673.99,premium,https://www.sawiday.be/nl-be/p/76915733/wavedesign-by-wisa-tesa-ligbad-170x80x50cm-52cm-rechthoek-acryl-wit,https://static.rorix.nl/image/product/overig/2000x2000/dae6d09d9cccfc60693df76e5e0a2a93.jpg/wavedesign-by-wisa-tesa-ligbad-170x80x50cm-52cm-rechthoek-acryl-wit-sw115569.jpg,https://static.rorix.nl/image/product/galvano/2000x2000/D130001001190617.jpg/wavedesign-by-wisa-tesa-ligbad-170x80x50cm-52cm-rechthoek-acryl-wit-sw115569.jpg,4
wavedesign-by-wisa-wavedesign-by-wisa-amarante-inbouwbad,Bathtub,WaveDesign by Wisa,WaveDesign by Wisa Amarante inbouwbad,WaveDesign by Wisa Amarante inbouwbad,589.15,mid,https://www.sawiday.be/nl-be/p/76915589/wavedesign-by-wisa-amarante-ligbad-170x75x48cm-met-gat-rechthoek-kunststof-wit,https://static.rorix.nl/image/product/technische-unie/2000x2000/3e58ea0b030b80636a008bc0e047d90d.jpg/wavedesign-by-wisa-amarante-ligbad-170x75x48cm-met-gat-rechthoek-kunststof-wit-sw115425.jpg,https://static.rorix.nl/image/product/galvano/2000x2000/D130001001268263.jpg/wavedesign-by-wisa-amarante-ligbad-170x75x48cm-met-gat-rechthoek-kunststof-wit-sw115425.jpg,2
duravit-duravit-d-code-inbouwbad,Bathtub,Duravit,Duravit D-code inbouwbad,Duravit D-code inbouwbad,266.57,budget,https://www.sawiday.be/nl-be/p/76009950/duravit-d-code-kunststof-bad-acryl-rechthoekig-160x70x40cm-zonder-poten-wit,https://static.rorix.nl/image/product/galvano/2000x2000/40b03c2f0b970fb8d7d4ed1930e7a100.jpg/duravit-d-code-bad-acryl-rechthoekig-160x70x40cm-wit-0297511.jpg,https://static.rorix.nl/image/product/galvano/2000x2000/D130001001440110.jpg/duravit-d-code-bad-acryl-rechthoekig-160x70x40cm-wit-0297511.jpg,5
bette-bette-starlet-duobad,Bathtub,Bette,Bette Starlet Duobad,Bette Starlet Duobad,913.99,premium,https://www.sawiday.be/nl-be/p/75631495/bette-starlet-bad-plaatstaal-dikwandig-rechthoekig-180x80x42cm-zonder-poten-wit,https://static.rorix.nl/image/product/overig/2000x2000/83ddd068b53d15db0cadc3dea7ac81c5.jpg/bette-starlet-bad-plaatstaal-rechthoekig-180x80x42cm-wit-0341251.jpg,https://static.rorix.nl/image/product/galvano/2000x2000/D130001001206831.jpg/bette-starlet-bad-plaatstaal-rechthoekig-180x80x42cm-wit-0341251.jpg,5
hansgrohe-hansgrohe-vernis-blend-regendouche,Shower,Hansgrohe,Hansgrohe Vernis Blend Regendouche,Hansgrohe Vernis Blend Regendouche,431.71,premium,https://www.sawiday.be/nl-be/p/77416411/hansgrohe-vernis-blend-showerpipe-met-thermostaat-ecosmart-mat-zwart,https://static.rorix.nl/image/product/overig/2000x2000/de43c9f3897a10080de8a6432eccb482.jpg/hansgrohe-vernis-blend-showerpipe-met-thermostaat-ecosmart-mat-zwart-sw647136.jpg,https://static.rorix.nl/image/product/overig/2000x2000/5488e40766c9c76bbcffe636faedc494.jpg/hansgrohe-vernis-blend-showerpipe-met-thermostaat-ecosmart-mat-zwart-sw647136.jpg,5
hansgrohe-hansgrohe-crometta-s-regendouche,Shower,Hansgrohe,Hansgrohe Crometta s Regendouche,Hansgrohe Crometta s Regendouche,371.3,mid,https://www.sawiday.be/nl-be/p/76680801/hansgrohe-crometta-s-240-1jet-showerpipe-met-thermostaat-chroom,https://static.rorix.nl/image/product/overig/2000x2000/c926fc195f636e5ff3537c6844cac8af.jpg/hansgrohe-crometta-s-240-1jet-showerpipe-met-thermostaat-chroom-sw73210.jpg,https://static.rorix.nl/image/product/overig/2000x2000/80eb0afba870cf5a0af5170636190c49.jpg/hansgrohe-crometta-s-240-1jet-showerpipe-met-thermostaat-chroom-sw73210.jpg,5
hansgrohe-hansgrohe-croma-select-s-doucheset,Shower,Hansgrohe,Hansgrohe Croma select s Doucheset,Hansgrohe Croma select s Doucheset,1041.0,premium,https://www.sawiday.be/nl-be/p/77212670/hansgrohe-croma-select-select-regendoucheset-thermostaat-air-1jet-ecosmart-croma-280-hoofddouche-handdouche-3-standen-mat-zwart,https://static.rorix.nl/image/product/overig/2000x2000/f2ca7b54390e3e6563949c2bd05b996a.jpg/hansgrohe-croma-select-select-regendoucheset-thermostaat-air-1jet-ecosmart-croma-280-hoofddouche-handdouche-3-standen-mat-zwart-sw451590.jpg,https://static.rorix.nl/image/product/overig/2000x2000/e6eda753ac92122983e7d545d8d36d88.jpg/hansgrohe-croma-select-select-regendoucheset-thermostaat-air-1jet-ecosmart-croma-280-hoofddouche-handdouche-3-standen-mat-zwart-sw451590.jpg,5
grohe-grohe-euphoria-regendouche,Shower,Grohe,Grohe Euphoria Regendouche,Grohe Euphoria Regendouche,866.0,premium,https://www.sawiday.be/nl-be/p/76681289/grohe-euphoria-xxl-310-douchesysteem-supersteel,https://static.rorix.nl/image/product/overig/2000x2000/938ab68e091c78752895fbf0a92f3e65.jpg/grohe-euphoria-xxl-regendoucheset-opbouw-hoofddouche-31cm-handdouche-rond-supersteel-sw73269.jpg,https://static.rorix.nl/image/product/galvano/2000x2000/D130001001157068.jpg/grohe-euphoria-xxl-regendoucheset-opbouw-hoofddouche-31cm-handdouche-rond-supersteel-sw73269.jpg,5
grohe-grohe-smartcontrol-regendouche,Shower,Grohe,Grohe smartcontrol Regendouche,Grohe smartcontrol Regendouche,899.0,premium,https://www.sawiday.be/nl-be/p/76906605/grohe-grohterm-smartcontrol-regendoucheset-inbouw-inbouwboxen-hoofddouche-vierkant-staafhanddouche-chroom,https://static.rorix.nl/image/product/overig/2000x2000/287e1753dc9dc255c95c6d277659c7db.jpg/grohe-grohterm-smartcontrol-regendoucheset-inbouw-inbouwboxen-hoofddouche-vierkant-staafhanddouche-chroom-sw108048.jpg,https://static.rorix.nl/image/product/overig/2000x2000/592c73f82831e10f15893ea57e1fc83c.jpg/grohe-grohterm-smartcontrol-regendoucheset-inbouw-inbouwboxen-hoofddouche-vierkant-staafhanddouche-chroom-sw108048.jpg,5
marenza-marenza-slide-badwand,Shower,Marenza,Marenza Slide Badwand,Marenza Slide Badwand,260.99,mid,https://www.sawiday.be/nl-be/p/77254646/marenza-slide-quick-fit-badwand-2-delige-schuifdeur-170x150cm-6mm-veiligheidsglas-anti-kalk-mat-zwart,https://static.rorix.nl/image/product/overig/2000x2000/33e73bfddbe394f2da6f7aeaca5319c4.jpg/marenza-slide-quick-fit-badwand-2-delige-schuifdeur-170x150cm-6mm-veiligheidsglas-anti-kalk-mat-zwart-sw491647.jpg,https://static.rorix.nl/image/product/overig/2000x2000/3a52cce7d073606f25959196098a6a1a.jpg/marenza-slide-quick-fit-badwand-2-delige-schuifdeur-170x150cm-6mm-veiligheidsglas-anti-kalk-mat-zwart-sw491647.jpg,4
marenza-marenza-slide-douchedeur,Shower,Marenza,Marenza Slide Douchedeur,Marenza Slide Douchedeur,247.99,mid,https://www.sawiday.be/nl-be/p/77254642/marenza-slide-quick-fit-schuifdeur-100x190cm-6mm-veiligheidsglas-alu-profiel-anti-kalk-mat-zwart,https://static.rorix.nl/image/product/overig/2000x2000/3ce2e342dc4550d69ace6c19f6a10611.jpg/marenza-slide-quick-fit-schuifdeur-100x190cm-6mm-veiligheidsglas-alu-profiel-anti-kalk-mat-zwart-sw491643.jpg,https://static.rorix.nl/image/product/overig/2000x2000/26e20e93e4b9fbd601829672b7b701a0.jpg/marenza-slide-quick-fit-schuifdeur-100x190cm-6mm-veiligheidsglas-alu-profiel-anti-kalk-mat-zwart-sw491643.jpg,5
marenza-marenza-bellini-inloopdouche,Shower,Marenza,Marenza Bellini Inloopdouche,Marenza Bellini Inloopdouche,309.99,mid,https://www.sawiday.be/nl-be/p/77113686/marenza-bellini-inloopdouche-140x200cm-helder-glas-mat-zwart,https://static.rorix.nl/image/product/overig/2000x2000/d5e103af82e459bb70d9042c8629f9e3.jpg/marenza-bellini-inloopdouche-140x200cm-helder-glas-mat-zwart-sw358009.jpg,https://static.rorix.nl/image/product/overig/2000x2000/45ea950f01f2cd0c1a0ba1c1314be45a.jpg/marenza-bellini-inloopdouche-140x200cm-helder-glas-mat-zwart-sw358009.jpg,5
fortifura-fortifura-outdoor-buitendouche,Shower,Fortifura,Fortifura Outdoor Buitendouche,Fortifura Outdoor Buitendouche,819.99,premium,https://www.sawiday.be/nl-be/p/77061896/fortifura-outdoor-deluxe-vrijstaande-buitendouche-geborsteld-rvs-pvd-rvs-316-handdouche-regendouche-geborsteld-rvs-pvd-rvs,https://static.rorix.nl/image/product/overig/2000x2000/d4611db1ebed6008cdc0e736d88c320d.jpg/fortifura-outdoor-deluxe-vrijstaande-buitendouche-geborsteld-rvs-pvd-rvs-316-handdouche-regendouche-geborsteld-rvs-pvd-rvs--sw278130.jpg,https://static.rorix.nl/image/product/overig/2000x2000/ee3a329258a3f68aa4ceed1a77f14745.jpg/fortifura-outdoor-deluxe-vrijstaande-buitendouche-geborsteld-rvs-pvd-rvs-316-handdouche-regendouche-geborsteld-rvs-pvd-rvs--sw278130.jpg,5
fortifura-fortifura-galeria-inloopdouche,Shower,Fortifura,Fortifura Galeria Inloopdouche,Fortifura Galeria Inloopdouche,527.99,premium,https://www.sawiday.be/nl-be/p/77691451/fortifura-galeria-inloopdouche-160x200cm-helder-glas-wandarm-chroom,https://static.rorix.nl/image/product/overig/2000x2000/612571b542db77e7255b5c3f6cf221a5.jpg/fortifura-galeria-inloopdouche-160x200cm-helder-glas-wandarm-chroom-sw917216.jpg,https://static.rorix.nl/image/product/overig/2000x2000/cc883d7a7bb3e8f7fb6ac20bc0f5899e.jpg/fortifura-galeria-inloopdouche-160x200cm-helder-glas-wandarm-chroom-sw917216.jpg,5
adema-adema-dawn-inloopdouche,Shower,Adema,Adema Dawn Inloopdouche,Adema Dawn Inloopdouche,149.99,budget,https://www.sawiday.be/nl-be/p/78219386/adema-dawn-inloopdouche-80x200cm-wandprofiel-stabilisatiestang-helder-glas-zwart-mat,https://static.rorix.nl/image/product/overig/2000x2000/f2be440f51dbf86e2d493d7640e04687.jpg/adema-dawn-inloopdouche-80x200cm-wandprofiel-stabilisatiestang-helder-glas-zwart-mat-sw1443558.jpg,https://static.rorix.nl/image/product/overig/2000x2000/f44d5b523a02d56c654b15ccf5a96c9c.jpg/adema-dawn-inloopdouche-80x200cm-wandprofiel-stabilisatiestang-helder-glas-zwart-mat-sw1443558.jpg,4
marenza-marenza-neptune-badwand,Shower,Marenza,Marenza Neptune Badwand,Marenza Neptune Badwand,132.99,budget,https://www.sawiday.be/nl-be/p/77052597/marenza-neptune-badwand-1-delig-draaibaar-80x150cm-6mm-veiligheidsglas-anti-kalk-chroom,https://static.rorix.nl/image/product/overig/2000x2000/e11fc6b0553eb8c5e1a7ddfe15a4f196.jpg/marenza-neptune-badwand-1-delig-draaibaar-80x150cm-6mm-veiligheidsglas-anti-kalk-chroom-sw238237.jpg,https://static.rorix.nl/image/product/overig/2000x2000/e64caa7fab2b79d377e382909225e7fb.jpg/marenza-neptune-badwand-1-delig-draaibaar-80x150cm-6mm-veiligheidsglas-anti-kalk-chroom-sw238237.jpg,3
fortifura-fortifura-calvi-regendouche,Faucet,Fortifura,Fortifura Calvi Regendouche,Fortifura Calvi Regendouche,649.99,premium,https://www.sawiday.be/nl-be/p/78185762/fortifura-calvi-inbouw-regendoucheset-thermostatisch-wandarm-30cm-hoofddouche-staaf-handdouche-gladde-doucheslang-mat-zwart,https://static.rorix.nl/image/product/overig/2000x2000/b30728e1a9071e0a493d78e0519a67e1.jpg/fortifura-calvi-inbouw-regendoucheset-thermostatisch-wandarm-30cm-hoofddouche-staaf-handdouche-gladde-doucheslang-mat-zwart-sw1412046.jpg,https://static.rorix.nl/image/product/overig/2000x2000/3a1e6281f424181375e3f0fba8195ee3.jpg/fortifura-calvi-inbouw-regendoucheset-thermostatisch-wandarm-30cm-hoofddouche-staaf-handdouche-gladde-doucheslang-mat-zwart-sw1412046.jpg,5
fortifura-fortifura-calvi-douchekraan,Faucet,Fortifura,Fortifura Calvi Douchekraan,Fortifura Calvi Douchekraan,239.99,premium,https://www.sawiday.be/nl-be/p/77495646/fortifura-calvi-thermostatische-inbouwkraan-2-wegs-inbouwdeel-mat-zwart,https://static.rorix.nl/image/product/overig/2000x2000/a587dd9606a5a2ec6ce1a24f9b9a2b94.jpg/fortifura-calvi-thermostatische-inbouwkraan-met-inbouwdeel-mat-zwart-sw721167.jpg,https://static.rorix.nl/image/product/overig/2000x2000/fbfff22e366c0533a44a4da23de9bbd6.jpg/fortifura-calvi-thermostatische-inbouwkraan-met-inbouwdeel-mat-zwart-sw721167.jpg,3
adema-adema-sparkle-20-regendouche,Faucet,Adema,Adema Sparkle 2.0 Regendouche,Adema Sparkle 2.0 Regendouche,149.99,mid,https://www.sawiday.be/nl-be/p/77549622/adema-sparkle-20-regendoucheset-thermostaat-hoofddouche-20cm-handdouche-3-standen-chroom,https://static.rorix.nl/image/product/overig/2000x2000/40fcba7527bf8beff20425716bfc15d3.jpg/adema-sparkle-2.0-regendoucheset-thermostaat-hoofddouche-20cm-handdouche-3-standen-chroom-sw773195.jpg,https://static.rorix.nl/image/product/overig/2000x2000/b04a9d58b75593b06abe1aeb8ce83ddf.jpg/adema-sparkle-2.0-regendoucheset-thermostaat-hoofddouche-20cm-handdouche-3-standen-chroom-sw773195.jpg,5
adema-adema-sparkle-20-douchekraan,Faucet,Adema,Adema Sparkle 2.0 Douchekraan,Adema Sparkle 2.0 Douchekraan,74.99,budget,https://www.sawiday.be/nl-be/p/77468198/adema-sparkle-20-thermostatische-douchekraan-chroom,https://static.rorix.nl/image/product/overig/2000x2000/c925fca05efd5a899935384f455d763b.jpg/adema-sparkle-2.0-thermostatische-douchekraan-chroom-sw696248.jpg,https://static.rorix.nl/image/product/overig/2000x2000/6a357830246d924b18c302ff6eb74aec.jpg/adema-sparkle-2.0-thermostatische-douchekraan-chroom-sw696248.jpg,2
duravit-duravit-d-code-wc-bril,Toilet,Duravit,Duravit D-code WC-bril,Duravit D-code WC-bril,61.25,budget,https://www.sawiday.be/nl-be/p/34825/duravit-d-code-closetzitting,https://static.rorix.nl/image/product/overig/2000x2000/edf877d121b5d4bcc262a8e9b124f455.jpg/duravit-d-code-wc-zitting-43x36x4cm-compact-kunststof-wit-glanzend-0315127.jpg,https://static.rorix.nl/image/product/overig/2000x2000/f81296696971f7aa29f8e0d72e49f7ab.jpg/duravit-d-code-wc-zitting-43x36x4cm-compact-kunststof-wit-glanzend-0315127.jpg,5
duravit-duravit-starck-3-wc-bril,Toilet,Duravit,Duravit Starck 3 WC-bril,Duravit Starck 3 WC-bril,118.32,budget,https://www.sawiday.be/nl-be/p/6867/duravit-starck-3-wc-zitting-37x43.1x4.3cm-softclose-quickrelease-kunststof-glans-wit,https://static.rorix.nl/image/product/overig/2000x2000/1a625f90cb36dd866cef65596dc69b46.jpg/duravit-starck-3-wc-zitting-37x43.1x4.3cm-softclose-quickrelease-kunststof-glans-wit-0290272.jpg,https://static.rorix.nl/image/product/overig/2000x2000/97f3b0fe1de2784937bba213e22f828a.jpg/duravit-starck-3-wc-zitting-37x43.1x4.3cm-softclose-quickrelease-kunststof-glans-wit-0290272.jpg,5
duravit-duravit-d-neo-hangtoilet,Toilet,Duravit,Duravit D-neo Hangtoilet,Duravit D-neo Hangtoilet,396.0,premium,https://www.sawiday.be/nl-be/p/77311110/duravit-d-neo-wandtoilet-met-zitting-37x54x40cm-wit-hoogglans,https://static.rorix.nl/image/product/overig/2000x2000/6b73b396b637c105be5b3a9167a14514.jpg/duravit-d-neo-wandtoilet-met-zitting-37x54x40cm-wit-hoogglans-sw544305.jpg,https://static.rorix.nl/image/product/overig/2000x2000/4d5e9b63b1d856bdb6cbfd64be77b25b.jpg/duravit-d-neo-wandtoilet-met-zitting-37x54x40cm-wit-hoogglans-sw544305.jpg,5
duravit-duravit-sensowash-douche-wc,Toilet,Duravit,Duravit Sensowash Douche WC,Duravit Sensowash Douche WC,2810.0,premium,https://www.sawiday.be/nl-be/p/77179885/duravit-sensowash-starck-f-lite-douchewc-37.8x57.5cm-spoelrandloos-met-closetzitting-glans-wit,https://static.rorix.nl/image/product/overig/2000x2000/83775c520f9872eeef29cd3052f91c9e.jpg/duravit-sensowash-starck-f-lite-douchewc-37.8x57.5cm-spoelrandloos-met-closetzitting-glans-wit-sw420600.jpg,https://static.rorix.nl/image/product/overig/2000x2000/7ae2c2e9be65c7d6f18a12fc896a6df3.jpg/duravit-sensowash-starck-f-lite-douchewc-37.8x57.5cm-spoelrandloos-met-closetzitting-glans-wit-sw420600.jpg,5
villeroy-boch-villeroy-boch-subway-30-hangtoilet,Toilet,Villeroy & Boch,Villeroy & Boch Subway 3.0 Hangtoilet,Villeroy & Boch Subway 3.0 Hangtoilet,439.0,premium,https://www.sawiday.be/nl-be/p/77313318/villeroy-boch-subway-3.0-wandcloset-pack-56cm-zonder-spoelrand-diepspoel-twistflush-softclose-en-quickrelease-zitting-ceramic-wit-alpin,https://static.rorix.nl/image/product/overig/2000x2000/a93f6213ba318a46d1d24f9e4a3b5654.jpg/villeroy-boch-subway-3.0-wandcloset-pack-56cm-zonder-spoelrand-diepspoel-twistflush-softclose-en-quickrelease-zitting-ceramic-wit-alpin-sw546736.jpg,https://static.rorix.nl/image/product/overig/2000x2000/f29bde51f3a21c68c46035af08a7a2fa.jpg/villeroy-boch-subway-3.0-wandcloset-pack-56cm-zonder-spoelrand-diepspoel-twistflush-softclose-en-quickrelease-zitting-ceramic-wit-alpin-sw546736.jpg,5
villeroy-boch-villeroy-boch-subway-20-hangtoilet,Toilet,Villeroy & Boch,Villeroy & Boch Subway 2.0 Hangtoilet,Villeroy & Boch Subway 2.0 Hangtoilet,486.99,premium,https://www.sawiday.be/nl-be/p/76108417/villeroy-boch-subway-2.0-wandcloset-directflush-slimseat-zitting-softclose-quick-release-ceramicplus-glans-wit,https://static.rorix.nl/image/product/overig/2000x2000/7eb63557fbcb9b8cb885b468daee4770.jpg/villeroy-boch-subway-2.0-wandcloset-directflush-slimseat-zitting-softclose-quick-release-ceramicplus-glans-wit-ga59210.jpg,https://static.rorix.nl/image/product/overig/2000x2000/8efbdf6d7329306cce33a872f945ca9f.jpg/villeroy-boch-subway-2.0-wandcloset-directflush-slimseat-zitting-softclose-quick-release-ceramicplus-glans-wit-ga59210.jpg,5
villeroy-boch-villeroy-boch-onovo-duoblok-toilet,Toilet,Villeroy & Boch,Villeroy & Boch O.novo Duoblok toilet,Villeroy & Boch O.novo Duoblok toilet,418.04,premium,https://www.sawiday.be/nl-be/p/76834869/villeroy-boch-o.novo-combipack-duobloccomb.met-qr-plus-sc-zitting-wit,https://static.rorix.nl/image/product/overig/2000x2000/b7c4a99464922c268f45e76de126a97c.jpg/villeroy-boch-o.novo-combipack-duobloccombinatie-met-quickrelease-en-softclose-zitting-ceramic-wit-alphin-sw85730.jpg,https://static.rorix.nl/image/product/galvano/2000x2000/D130001001263830.jpg/villeroy-boch-o.novo-combipack-duobloccombinatie-met-quickrelease-en-softclose-zitting-ceramic-wit-alphin-sw85730.jpg,5
villeroy-boch-villeroy-boch-onovo-hangtoilet,Toilet,Villeroy & Boch,Villeroy & Boch O.novo Hangtoilet,Villeroy & Boch O.novo Hangtoilet,211.38,mid,https://www.sawiday.be/nl-be/p/76568262/villeroy-en-boch-o.novo-combi-pack-met-compact-wandcloset-diepspoel-directflush-36x49cm-met-zitting-met-softclose-en-quick-release-wit,https://static.rorix.nl/image/product/overig/2000x2000/2616660ca60cc1b5fe8096be0e2fdfc1.jpg/villeroy-boch-o.novo-combipack-met-compact-wandcloset-diepspoel-directflush-36x49cm-met-zitting-met-softclose-en-quick-release-wit-sw68876.jpg,https://static.rorix.nl/image/product/overig/2000x2000/e8a6112e8fa56f4ebacea75c8770e074.jpg/villeroy-boch-o.novo-combipack-met-compact-wandcloset-diepspoel-directflush-36x49cm-met-zitting-met-softclose-en-quick-release-wit-sw68876.jpg,5
ideal-standard-ideal-standard-tesi-hangtoilet,Toilet,Ideal Standard,Ideal Standard Tesi Hangtoilet,Ideal Standard Tesi Hangtoilet,250.99,mid,https://www.sawiday.be/nl-be/p/76618752/ideal-standard-tesi-pack-wandwc-in-verglaasd-porselein.-aquablade.-535x365-mm.-wit-wc-zitting-softclose.-wit,"https://static.rorix.nl/image/product/van-marcke/2000x2000/040100-high.jpg/ideal-standard-tesi-wand-wc-keramiek-aquablade-53,5x36,5cm-wit-met-wc-zitting-softclose-wit-sw71259.jpg","https://static.rorix.nl/image/product/overig/2000x2000/587741658706a.jpeg/ideal-standard-tesi-wand-wc-keramiek-aquablade-53,5x36,5cm-wit-met-wc-zitting-softclose-wit-sw71259.jpeg",5
geberit-geberit-qeramiq-dely-toiletset,Toilet,Geberit,Geberit QeramiQ Dely Toiletset,Geberit QeramiQ Dely Toiletset,456.99,premium,https://www.sawiday.be/nl-be/p/77426930/qeramiq-dely-toiletset-geberit-up100-inbouwreservoir-witte-bedieningsplaat-toilet-zitting-glans-wit,https://static.rorix.nl/image/product/overig/2000x2000/989716211d8adcb1430437d2be34d28f.jpg/qeramiq-dely-toiletset-geberit-up100-inbouwreservoir-witte-bedieningsplaat-toilet-zitting-glans-wit-sw656671.jpg,https://static.rorix.nl/document/product/overig/e7641a61408dcb3571b36af01c8e87ab.jpg,5
geberit-geberit-bedieningspaneel,Toilet,Geberit,Geberit Bedieningspaneel,Geberit Bedieningspaneel,50.12,budget,https://www.sawiday.be/nl-be/p/75649460/geberit-sigma01-bedieningsplaat-2-toets-spoeling-rond-alpien-wit,https://static.rorix.nl/image/product/overig/2000x2000/5723022a33af9.jpg/geberit-sigma01-bedieningsplaat-2-toets-spoeling-ronde-knoppen-alpien-wit-0700518.jpg,https://static.rorix.nl/image/product/van-marcke/2000x2000/c64ba7fa32a5bd42ef4a41f3337a9daa.jpg/geberit-sigma01-bedieningsplaat-2-toets-spoeling-ronde-knoppen-alpien-wit-0700518.jpg,5
geberit-geberit-aquaclean-douche-wc,Toilet,Geberit,Geberit AquaClean Douche WC,Geberit AquaClean Douche WC,3328.0,premium,https://www.sawiday.be/nl-be/p/76880183/geberit-aquaclean-mera-classic-douche-wc-geurafzuiging-warme-luchtdroging-ladydouche-softclose-glans-wit,https://static.rorix.nl/image/product/overig/2000x2000/fd8beef5790e0b8f80c33fb642032ab9.jpg/geberit-aquaclean-mera-classic-douche-wc-geurafzuiging-warme-luchtdroging-ladydouche-softclose-glans-wit-sw87549.jpg,https://static.rorix.nl/image/product/overig/2000x2000/a9db7f61cce4d17f527698436814dd3a.jpg/geberit-aquaclean-mera-classic-douche-wc-geurafzuiging-warme-luchtdroging-ladydouche-softclose-glans-wit-sw87549.jpg,5
go-by-van-marcke-go-by-van-marcke-tina-duoblok-toilet,Toilet,GO by Van Marcke,GO by Van Marcke Tina Duoblok toilet,GO by Van Marcke Tina Duoblok toilet,220.14,mid,https://www.sawiday.be/nl-be/p/77072895/go-by-van-marcke-tina-pack-staand-toilet-zonder-spoelrand-met-reservoir-met-geberit-spoelmechanisme-met-dunne-softclose-en-takeoff-zitting-wit,https://static.rorix.nl/image/product/van-marcke/2000x2000/319f14832f1a02b6ee6fad93bad3ce37.jpg/go-by-van-marcke-tina-pack-staand-toilet-zonder-spoelrand-met-reservoir-met-geberit-spoelmechanisme-met-dunne-softclose-en-takeoff-zitting-wit-sw288421.jpg,https://static.rorix.nl/image/product/overig/2000x2000/0ed3a7541e40c6bd802228aec06121ab.jpg/go-by-van-marcke-tina-pack-staand-toilet-zonder-spoelrand-met-reservoir-met-geberit-spoelmechanisme-met-dunne-softclose-en-takeoff-zitting-wit-sw288421.jpg,5
differnz-differnz-helios-fonteinset,Vanity,Differnz,Differnz Helios Fonteinset,Differnz Helios Fonteinset,114.99,budget,https://www.sawiday.be/nl-be/p/77020174/differnz-helios-fonteinset-37.5x18.5x9.5cm-rechthoek-1-kraangat-links-recht-chromen-kraan-keramiek-wit,https://static.rorix.nl/image/product/overig/2000x2000/5b69a00eafbc5.jpg/differnz-helios-fonteinset-37.5x18.5x9.5cm-rechthoek-1-kraangat-links-recht-chromen-kraan-keramiek-wit-sw209752.jpg,https://static.rorix.nl/image/product/overig/2000x2000/5b69a00f24ee6.jpg/differnz-helios-fonteinset-37.5x18.5x9.5cm-rechthoek-1-kraangat-links-recht-chromen-kraan-keramiek-wit-sw209752.jpg,5
differnz-differnz-jukon-fonteinset,Vanity,Differnz,Differnz Jukon Fonteinset,Differnz Jukon Fonteinset,144.99,budget,https://www.sawiday.be/nl-be/p/77011995/differnz-jukon-fonteinset-38.5x18.5x9cm-rechthoek-1-kraangat-rechts-zwart-beton-grijs,https://static.rorix.nl/image/product/overig/2000x2000/5af5770f7df64.jpg/differnz-jukon-fonteinset-38.5x18.5x9cm-rechthoek-1-kraangat-rechts-zwart-beton-grijs-sw205843.jpg,https://static.rorix.nl/image/product/overig/2000x2000/5b169eb1e9ec2.jpg/differnz-jukon-fonteinset-38.5x18.5x9cm-rechthoek-1-kraangat-rechts-zwart-beton-grijs-sw205843.jpg,5
differnz-differnz-ravo-fonteinset,Vanity,Differnz,Differnz Ravo Fonteinset,Differnz Ravo Fonteinset,227.99,mid,https://www.sawiday.be/nl-be/p/77129693/differnz-ravo-fonteinset-38.5x18.5x25cm-rechthoek-1-kraangat-gebogen-matte-zwarte-kraan-met-zwart-frame-keramiek-wit,https://static.rorix.nl/image/product/overig/2000x2000/04ae180c044a92c4cec2c726058d8cd2.jpg/differnz-ravo-fonteinset-38.5x18.5x25cm-rechthoek-1-kraangat-gebogen-matte-zwarte-kraan-met-zwart-frame-keramiek-wit-sw373162.jpg,https://static.rorix.nl/image/product/overig/2000x2000/ca8290137925565ad702bbae94c97b07.jpg/differnz-ravo-fonteinset-38.5x18.5x25cm-rechthoek-1-kraangat-gebogen-matte-zwarte-kraan-met-zwart-frame-keramiek-wit-sw373162.jpg,5
differnz-differnz-hura-fonteinset,Vanity,Differnz,Differnz Hura Fonteinset,Differnz Hura Fonteinset,141.99,budget,https://www.sawiday.be/nl-be/p/77069896/differnz-hura-fonteinset-37.5x18.5x9cm-rechthoek-1-kraangat-zwart-mat-rechte-kraan-keramiek-wit,https://static.rorix.nl/image/product/overig/2000x2000/7ceae8a8ec97aedfcfd75921daead60a.jpg/differnz-hura-fonteinset-37.5x18.5x9cm-rechthoek-1-kraangat-zwart-mat-rechte-kraan-keramiek-wit-sw285500.jpg,https://static.rorix.nl/image/product/overig/2000x2000/5772ee001b62b0f40d2e48c864f3dd1f.jpg/differnz-hura-fonteinset-37.5x18.5x9cm-rechthoek-1-kraangat-zwart-mat-rechte-kraan-keramiek-wit-sw285500.jpg,5
geberit-geberit-300-basic-uitstortgootsteen,Vanity,Geberit,Geberit 300 basic Uitstortgootsteen,Geberit 300 basic Uitstortgootsteen,179.45,budget,https://www.sawiday.be/nl-be/p/77176503/geberit-300-basic-norma-uitstortgootsteen-met-stootrand-35x45x35cm-met-gaten-voor-emmerrooster-wit,https://static.rorix.nl/image/product/overig/2000x2000/7bcdd500dd102e9ed5417b09b765eb65.jpg/geberit-300-basic-norma-uitstortgootsteen-met-stootrand-35x45x35cm-met-gaten-voor-emmerrooster-wit-sw417651.jpg,https://static.rorix.nl/image/product/van-marcke/2000x2000/570f551acf56ef1ed7ffef556b56e8f0.jpg/geberit-300-basic-norma-uitstortgootsteen-met-stootrand-35x45x35cm-met-gaten-voor-emmerrooster-wit-sw417651.jpg,5
ideavit-ideavit-solidharmony-lavabo,Vanity,Ideavit,Ideavit Solidharmony Lavabo,Ideavit Solidharmony Lavabo,470.0,mid,https://www.sawiday.be/nl-be/p/76892383/ideavit-solidharmony-opbouwwastafel-40x13cm-solid-surface-mat-wit,https://static.rorix.nl/image/product/overig/2000x2000/fe04cc6663d376886b7bbefebf1b9f8e.jpg/ideavit-solidharmony-opbouwwastafel-40x13cm-solid-surface-mat-wit-sw97025.jpg,https://static.rorix.nl/image/product/overig/2000x2000/8d11f975ba1721407535d8a5c75fed86.jpg/ideavit-solidharmony-opbouwwastafel-40x13cm-solid-surface-mat-wit-sw97025.jpg,5
ideavit-ideavit-solidthin-waskom,Vanity,Ideavit,Ideavit Solidthin Waskom,Ideavit Solidthin Waskom,340.0,mid,https://www.sawiday.be/nl-be/p/76835328/ideavit-solidthin-opbouw-wastafel-39x39x14.5cm-rond-0-kraangaten-1-wasbak-solid-surface-wit,https://static.rorix.nl/image/product/overig/2000x2000/c9265b316f3a80ef3cdd871c2b658451.jpg/ideavit-solidthin-opbouw-wastafel-39x39x14.5cm-rond-0-kraangaten-1-wasbak-solid-surface-wit-sw85902.jpg,https://static.rorix.nl/image/product/overig/2000x2000/245ddd210412c24392b9c8ac0dcd870b.jpg/ideavit-solidthin-opbouw-wastafel-39x39x14.5cm-rond-0-kraangaten-1-wasbak-solid-surface-wit-sw85902.jpg,5
villeroy-boch-villeroy-boch-onovo-uitstortgootsteen,Vanity,Villeroy & Boch,Villeroy & Boch O.novo Uitstortgootsteen,Villeroy & Boch O.novo Uitstortgootsteen,215.0,mid,https://www.sawiday.be/nl-be/p/53079/villeroy-en-boch-o-novo-uitstortgootsteen-45x35cm-met-stootrand-wit-69120101,https://static.rorix.nl/image/product/overig/2000x2000/2e4c08ce2d7caeb3054da18324f15fe3.jpg/villeroy-boch-o.novo-omnia-pro-uitstortgootsteen-met-stootrand-zonder-emmerrooster-wit-0140415.jpg,https://static.rorix.nl/image/product/galvano/2000x2000/D130001001263884.jpg/villeroy-boch-o.novo-omnia-pro-uitstortgootsteen-met-stootrand-zonder-emmerrooster-wit-0140415.jpg,5
go-by-van-marcke-go-by-van-marcke-spoelbak,Vanity,GO by Van Marcke,GO by Van Marcke Spoelbak,GO by Van Marcke Spoelbak,170.99,budget,https://www.sawiday.be/nl-be/p/77067898/go-by-van-marcke-molto-inbouwspoeltafel-composiet-met-2-bakken-met-afdruip-1170-x-500-mm-met-vierkante-manuele-plug-omkeerbaar-zwart-onderkast-80-cm,https://static.rorix.nl/image/product/overig/2000x2000/9ba3f8bedb6f16c465629a45868ed9ce.jpg/go-by-van-marcke-molto-inbouwspoeltafel-composiet-met-2-bakken-met-afdruip-1170-x-500-mm-met-vierkante-manuele-plug-omkeerbaar-zwart-sw283656.jpg,https://static.rorix.nl/image/product/van-marcke/2000x2000/8750090bacd3a082f7d512b03df980b4.jpg/go-by-van-marcke-molto-inbouwspoeltafel-composiet-met-2-bakken-met-afdruip-1170-x-500-mm-met-vierkante-manuele-plug-omkeerbaar-zwart-sw283656.jpg,2
duravit-duravit-starck-3-uitstortgootsteen,Vanity,Duravit,Duravit Starck 3 Uitstortgootsteen,Duravit Starck 3 Uitstortgootsteen,231.87,mid,"https://www.sawiday.be/nl-be/p/53075/duravit-starck-3-uitstortgootsteen-48x42,5-cm-wit","https://static.rorix.nl/image/product/overig/2000x2000/2a9c36b35af875e0f52fc620f3a5f104.jpg/duravit-starck-3-uitstortgootsteen-48x42,5-cm-wit-0291271.jpg","https://static.rorix.nl/image/product/overig/2000x2000/04043a47a00baa8cf597ae181109659d.jpg/duravit-starck-3-uitstortgootsteen-48x42,5-cm-wit-0291271.jpg",4
adema-adema-lonato-spiegel-met-verlichting,Mirror,Adema,Adema Lonato Spiegel met verlichting,Adema Lonato Spiegel met verlichting,158.99,mid,https://www.sawiday.be/nl-be/p/77411538/adema-lonato-badkamerspiegel-rond-diameter-60cm-geintegreerde-led-verlichting-spiegelverwarming-infraroodbediening-mat-zwart,https://static.rorix.nl/image/product/overig/2000x2000/a5fa86e1fefb1c4cc0537c9eb95ed147.jpg/adema-lonato-badkamerspiegel-rond-diameter-60cm-geintegreerde-led-verlichting-spiegelverwarming-infraroodbediening-mat-zwart-sw643228.jpg,https://static.rorix.nl/image/product/overig/2000x2000/0d2daafa27e23dd0bc671c142fa0a960.jpg/adema-lonato-badkamerspiegel-rond-diameter-60cm-geintegreerde-led-verlichting-spiegelverwarming-infraroodbediening-mat-zwart-sw643228.jpg,5
adema-adema-squared-20-spiegel-met-verlichting,Mirror,Adema,Adema Squared 2.0 Spiegel met verlichting,Adema Squared 2.0 Spiegel met verlichting,71.99,budget,https://www.sawiday.be/nl-be/p/77417067/adema-squared-20-badkamerspiegel-100x70cm-incl-bovenverlichting-led-sensor-schakelaar,https://static.rorix.nl/image/product/overig/2000x2000/9de030e38d47f0ea2c41cc701c94c70d.jpg/adema-squared-2.0-badkamerspiegel-100x70cm-incl.-bovenverlichting-led-sensor-schakelaar-sw647633.jpg,https://static.rorix.nl/image/product/overig/2000x2000/8d17ab4e477691632da5f7826c8662fe.jpg/adema-squared-2.0-badkamerspiegel-100x70cm-incl.-bovenverlichting-led-sensor-schakelaar-sw647633.jpg,5
saniclass-saniclass-circle-spiegel-met-verlichting,Mirror,Saniclass,Saniclass Circle Spiegel met verlichting,Saniclass Circle Spiegel met verlichting,169.99,mid,https://www.sawiday.be/nl-be/p/76907250/saniclass-circle-badkamerspiegel-rond-diameter-60cm-indirecte-led-verlichting-spiegelverwarming-infrarood-schakelaar,https://static.rorix.nl/image/product/overig/2000x2000/c24718f0763e444130d1dad8ecf0c192.jpg/saniclass-circle-badkamerspiegel-rond-diameter-60cm-indirecte-led-verlichting-spiegelverwarming-infrarood-schakelaar-sw108325.jpg,https://static.rorix.nl/image/product/overig/2000x2000/c016a6f31025d82c299a755817a222dc.jpg/saniclass-circle-badkamerspiegel-rond-diameter-60cm-indirecte-led-verlichting-spiegelverwarming-infrarood-schakelaar-sw108325.jpg,5
saniclass-saniclass-organic-spiegel-met-verlichting,Mirror,Saniclass,Saniclass Organic Spiegel met verlichting,Saniclass Organic Spiegel met verlichting,284.99,premium,https://www.sawiday.be/nl-be/p/78180053/saniclass-organic-spiegel-sim-140x93.3cm-verlichting-spiegelverwarming-horizontaal-verticaal-organisch,https://static.rorix.nl/image/product/overig/2000x2000/c7645ecaf6ce2529cf3047d26eabffec.jpg/saniclass-organic-spiegel-sim-140x93.3cm-verlichting-spiegelverwarming-horizontaal-verticaal-organisch-sw1407163.jpg,https://static.rorix.nl/image/product/overig/2000x2000/f42169939ea9e92992915c0293527f46.jpg/saniclass-organic-spiegel-sim-140x93.3cm-verlichting-spiegelverwarming-horizontaal-verticaal-organisch-sw1407163.jpg,5
saniclass-saniclass-vygo-spiegel-met-verlichting,Mirror,Saniclass,Saniclass Vygo Spiegel met verlichting,Saniclass Vygo Spiegel met verlichting,349.99,premium,https://www.sawiday.be/nl-be/p/77700508/saniclass-vygo-spiegel-120x50cm-ronde-hoeken-6mm-led-verlichting-spiegelverwarming,https://static.rorix.nl/image/product/overig/2000x2000/65b6a3d4884397d624f797a25b8b8d94.jpg/saniclass-vygo-spiegel-120x50cm-ronde-hoeken-6mm-led-verlichting-spiegelverwarming-sw925879.jpg,https://static.rorix.nl/image/product/overig/2000x2000/cbacb4ec6ed50160558e0ed8e213d5bd.jpg/saniclass-vygo-spiegel-120x50cm-ronde-hoeken-6mm-led-verlichting-spiegelverwarming-sw925879.jpg,2
brauer-brauer-quartz-spiegel-met-verlichting,Mirror,Brauer,Brauer Quartz Spiegel met verlichting,Brauer Quartz Spiegel met verlichting,203.0,premium,https://www.sawiday.be/nl-be/p/77062205/brauer-quartz-spiegel-50x70cm-rechthoekig-met-klok-en-directe-led-verlichting-met-dimfunctie-en-touch-bediening,https://static.rorix.nl/image/product/overig/2000x2000/90b81ba6db5ce174d119451359b327f7.jpg/brauer-quartz-spiegel-50x70cm-rechthoekig-met-klok-en-directe-led-verlichting-met-dimfunctie-en-touch-bediening-sw278170.jpg,https://static.rorix.nl/image/product/overig/2000x2000/90b81ba6db5ce174d119451359b327f7.jpg/brauer-quartz-spiegel-50x70cm-rechthoekig-met-klok-en-directe-led-verlichting-met-dimfunctie-en-touch-bediening-sw278170.jpg,1
brauer-brauer-jade-spiegel-met-verlichting,Mirror,Brauer,Brauer Jade Spiegel met verlichting,Brauer Jade Spiegel met verlichting,604.0,premium,https://www.sawiday.be/nl-be/p/77062242/brauer-jade-spiegel-160x70cm-dimbare-led-verlichting-touchscreen-schakelaar,https://static.rorix.nl/image/product/overig/2000x2000/1db13e623fb1f322ad24981fc5523697.jpg/brauer-jade-spiegel-160x70cm-dimbare-led-verlichting-touchscreen-schakelaar-sw278207.jpg,https://static.rorix.nl/image/product/overig/2000x2000/1db13e623fb1f322ad24981fc5523697.jpg/brauer-jade-spiegel-160x70cm-dimbare-led-verlichting-touchscreen-schakelaar-sw278207.jpg,1
brauer-brauer-jasper-spiegel-met-verlichting,Mirror,Brauer,Brauer Jasper Spiegel met verlichting,Brauer Jasper Spiegel met verlichting,376.0,premium,https://www.sawiday.be/nl-be/p/77062234/brauer-jasper-spiegel-120x70cm-rechthoekig-met-directe-led-verlichting-met-dimfunctie-en-touch-bediening,https://static.rorix.nl/image/product/overig/2000x2000/6ad954725921cf68821f25eff7a8e070.jpg/brauer-jasper-spiegel-120x70cm-rechthoekig-met-directe-led-verlichting-met-dimfunctie-en-touch-bediening-sw278199.jpg,https://static.rorix.nl/image/product/overig/2000x2000/6ad954725921cf68821f25eff7a8e070.jpg/brauer-jasper-spiegel-120x70cm-rechthoekig-met-directe-led-verlichting-met-dimfunctie-en-touch-bediening-sw278199.jpg,1
brauer-brauer-jade-deluxe-spiegel-met-verlichting,Mirror,Brauer,Brauer Jade Deluxe Spiegel met verlichting,Brauer Jade Deluxe Spiegel met verlichting,513.0,premium,https://www.sawiday.be/nl-be/p/77495485/brauer-jade-deluxe-spiegel-100-plat-ovaal-met-directe-led-verlichting-met-dim-en-kleurfunctie-en-afstandsbediening,https://static.rorix.nl/image/product/overig/2000x2000/d4c77c17b93b9e19737e849582adb22f.jpg/brauer-jade-deluxe-spiegel-100-plat-ovaal-met-directe-led-verlichting-met-dim-en-kleurfunctie-en-afstandsbediening-sw721024.jpg,https://static.rorix.nl/image/product/overig/2000x2000/72c78dfd9392dbb39fe953744de5dccb.jpg/brauer-jade-deluxe-spiegel-100-plat-ovaal-met-directe-led-verlichting-met-dim-en-kleurfunctie-en-afstandsbediening-sw721024.jpg,2
wiesbaden-wiesbaden-spiegel-met-verlichting,Mirror,Wiesbaden,Wiesbaden Spiegel met verlichting,Wiesbaden Spiegel met verlichting,599.0,premium,https://www.sawiday.be/nl-be/p/77247004/wiesbaden-uovo-spiegel-ovaal-met-led.-dimbaar-en-spiegelverwarming-150-cm,"https://static.rorix.nl/image/product/overig/2000x2000/69aa74a1cb49e296cc3be13be2979a30.jpg/wiesbaden-uovo-spiegel-ovaal-met-led,-dimbaar-en-spiegelverwarming-150-cm-sw484788.jpg",https://static.rorix.nl/document/product/overig/820e5af305cca907ea15410d6ce4723f.jpg,4
arcqua-arcqua-oval-spiegel-met-verlichting,Mirror,Arcqua,Arcqua Oval Spiegel met verlichting,Arcqua Oval Spiegel met verlichting,249.0,premium,https://www.sawiday.be/nl-be/p/77991387/arcqua-oval-spiegel-40x80cm-ovaal-verticaal-backlight-led,https://static.rorix.nl/image/product/overig/2000x2000/df366a4c8716d08fee9a0bd74efaa374.jpg/arcqua-oval-spiegel-40x80cm-ovaal-verticaal-backlight-led-sw1223201.jpg,https://static.rorix.nl/image/product/overig/2000x2000/288366767ee5c387410063bb5d2eed5f.jpg/arcqua-oval-spiegel-40x80cm-ovaal-verticaal-backlight-led-sw1223201.jpg,3
arcqua-arcqua-round-spiegel-met-verlichting,Mirror,Arcqua,Arcqua Round Spiegel met verlichting,Arcqua Round Spiegel met verlichting,319.0,premium,https://www.sawiday.be/nl-be/p/77991378/arcqua-round-spiegel-rond-80cm-spiegelverwarming-backlight-led,https://static.rorix.nl/image/product/overig/2000x2000/22646db18e078bdfc00935ea29bd071b.jpg/arcqua-round-spiegel-rond-80cm-spiegelverwarming-backlight-led-sw1223192.jpg,https://static.rorix.nl/image/product/overig/2000x2000/9ea059bfd1b50a0c72a93827b67a8548.jpg/arcqua-round-spiegel-rond-80cm-spiegelverwarming-backlight-led-sw1223192.jpg,5
crosswater-crosswater-infinity-spiegel,Mirror,Crosswater,Crosswater Infinity Spiegel,Crosswater Infinity Spiegel,488.2,premium,https://www.sawiday.be/nl-be/p/77804451/crosswater-infinity-spiegel-met-verlichting-rond-60cm-geborsteld-messing-goud,https://static.rorix.nl/image/product/overig/2000x2000/56c3c83bed3b2a55b6243c238e762422.jpg/crosswater-infinity-spiegel-met-verlichting-rond-60cm-geborsteld-messing-goud--sw1026399.jpg,https://static.rorix.nl/image/product/overig/2000x2000/56c3c83bed3b2a55b6243c238e762422.jpg/crosswater-infinity-spiegel-met-verlichting-rond-60cm-geborsteld-messing-goud--sw1026399.jpg,1
wavedesign-wavedesign-acadia-spiegel-met-verlichting,Mirror,Wavedesign,Wavedesign Acadia Spiegel met verlichting,Wavedesign Acadia Spiegel met verlichting,721.99,premium,https://www.sawiday.be/nl-be/p/76894102/wavedesign-acadia-spiegel-100x70-cm.led-verlichting-links-en-rechts,https://static.rorix.nl/image/product/galvano/2000x2000/D130001001268052.jpg/wavedesign-acadia-spiegel-100x70cmled-verlichting-links-en-rechts-sw98322.jpg,https://static.rorix.nl/document/product/galvano/D130001001268051.png,3
hr-badmeubelen-hr-badmeubelen-spectre-20-spiegel-met-verlichting,Mirror,HR Badmeubelen,HR Badmeubelen Spectre 2.0 Spiegel met verlichting,HR Badmeubelen Spectre 2.0 Spiegel met verlichting,545.0,premium,https://www.sawiday.be/nl-be/p/77933872/hr-badmeubelen-spectre-2.0-spiegel-140x70cm-afgeronde-hoeken-indirecte-dotless-led-verlichting-touch-sensor-traploos-dimbaar-kleurtemperatuur-in-te-stellen-spiegelverwarming,https://static.rorix.nl/image/product/overig/2000x2000/53820e0e10fda5a06be31e395dfc9081.jpg/hr-badmeubelen-spectre-2.0-spiegel-140x70cm-afgeronde-hoeken-indirecte-dotless-led-verlichting-touch-sensor-traploos-dimbaar-kleurtemperatuur-in-te-stellen-spiegelverwarming-sw1171072.jpg,https://static.rorix.nl/image/product/overig/2000x2000/53820e0e10fda5a06be31e395dfc9081.jpg/hr-badmeubelen-spectre-2.0-spiegel-140x70cm-afgeronde-hoeken-indirecte-dotless-led-verlichting-touch-sensor-traploos-dimbaar-kleurtemperatuur-in-te-stellen-spiegelverwarming-sw1171072.jpg,1
hr-badmeubelen-hr-badmeubelen-jade-20-spiegel-met-verlichting,Mirror,HR Badmeubelen,HR Badmeubelen Jade 2.0 Spiegel met verlichting,HR Badmeubelen Jade 2.0 Spiegel met verlichting,545.0,premium,https://www.sawiday.be/nl-be/p/77933863/hr-badmeubelen-jade-2.0-spiegel-140x70cm-verlichtingsbalk-dotless-indirecte-verlichting-rondom-touch-sensor-traploos-dimbaar-kleurtemperatuur-in-te-stellen-spiegelverwarming,https://static.rorix.nl/image/product/overig/2000x2000/1fe28612d818b62b0bb3a50d77b9bd81.jpg/hr-badmeubelen-jade-2.0-spiegel-140x70cm-verlichtingsbalk-dotless-indirecte-verlichting-rondom-touch-sensor-traploos-dimbaar-kleurtemperatuur-in-te-stellen-spiegelverwarming-sw1171063.jpg,https://static.rorix.nl/image/product/overig/2000x2000/1fe28612d818b62b0bb3a50d77b9bd81.jpg/hr-badmeubelen-jade-2.0-spiegel-140x70cm-verlichtingsbalk-dotless-indirecte-verlichting-rondom-touch-sensor-traploos-dimbaar-kleurtemperatuur-in-te-stellen-spiegelverwarming-sw1171063.jpg,1
hr-badmeubelen-hr-badmeubelen-enigma-spiegel-met-verlichting,Mirror,HR Badmeubelen,HR Badmeubelen Enigma Spiegel met verlichting,HR Badmeubelen Enigma Spiegel met verlichting,535.0,premium,https://www.sawiday.be/nl-be/p/77774336/hr-badmeubelen-enigma-spiegel-120x65cm-dimbaar-led-met-verwarming,https://static.rorix.nl/image/product/overig/2000x2000/2f2f0d5b6b7af9069c20d9df4ccefa07.jpg/hr-badmeubelen-enigma-spiegel-120x65cm-dimbaar-led-met-verwarming-sw997278.jpg,https://static.rorix.nl/image/product/overig/2000x2000/5889a09d31c1238cbe4401ff8082e4f4.jpg/hr-badmeubelen-enigma-spiegel-120x65cm-dimbaar-led-met-verwarming-sw997278.jpg,2
hr-badmeubelen-hr-badmeubelen-spiegel-met-verlichting,Mirror,HR Badmeubelen,HR Badmeubelen Spiegel met verlichting,HR Badmeubelen Spiegel met verlichting,495.0,premium,https://www.sawiday.be/nl-be/p/77888403/hr-badmeubelen-organic-2.0-spiegel-120x75cm-links-dimbaar-led-spiegelverwaming,https://static.rorix.nl/image/product/overig/2000x2000/2ef432bb3e984bb8cbd3ec59367711a0.jpg/hr-badmeubelen-organic-2.0-spiegel-120x75cm-links-dimbaar-led-spiegelverwaming-sw1111404.jpg,https://static.rorix.nl/image/product/overig/2000x2000/2ef432bb3e984bb8cbd3ec59367711a0.jpg/hr-badmeubelen-organic-2.0-spiegel-120x75cm-links-dimbaar-led-spiegelverwaming-sw1111404.jpg,1
hotbath-hotbath-more-spiegel-met-verlichting,Mirror,Hotbath,Hotbath &MORE Spiegel met verlichting,Hotbath &MORE Spiegel met verlichting,695.0,premium,https://www.sawiday.be/nl-be/p/78017509/hotbath-enmore-spiegel-round-direct-en-indirect-led-spiegelverwarming-dimbaar-met-afstandsbediening-geborsteld-koper-pvd,https://static.rorix.nl/image/product/overig/2000x2000/df2b665b5fc13badaec4c00b73c36347.jpg/hotbath-more-spiegel-round-direct-en-indirect-led-spiegelverwarming-dimbaar-met-afstandsbediening-geborsteld-koper-pvd-sw1245870.jpg,https://static.rorix.nl/image/product/overig/2000x2000/fd51ce0697682cf00ecf498d45bff1d1.jpg/hotbath-more-spiegel-round-direct-en-indirect-led-spiegelverwarming-dimbaar-met-afstandsbediening-geborsteld-koper-pvd-sw1245870.jpg,2
nemo-nemo-spring-spiegel-met-verlichting,Mirror,Nemo,Nemo Spring Spiegel met verlichting,Nemo Spring Spiegel met verlichting,241.99,premium,https://www.sawiday.be/nl-be/p/77161005/nemo-spring-quadro-spiegel-120x70cm-met-verticale-led-verlichting-met-schakelaar-onderaan,https://static.rorix.nl/image/product/overig/2000x2000/7960687291de4e3d6e2dfdc4e41555bd.jpg/nemo-spring-quadro-spiegel-120x70cm-met-verticale-led-verlichting-met-schakelaar-onderaan-sw403266.jpg,https://static.rorix.nl/image/product/van-marcke/2000x2000/356b715dd5108dd0f67aad5bb630e249.jpg/nemo-spring-quadro-spiegel-120x70cm-met-verticale-led-verlichting-met-schakelaar-onderaan-sw403266.jpg,4
ink-ink-sp19-spiegel-met-verlichting,Mirror,Ink,Ink SP19 Spiegel met verlichting,Ink SP19 Spiegel met verlichting,804.6,premium,https://www.sawiday.be/nl-be/p/77731841/ink-sp19-spiegel-120x4x80cm-rechthoek-in-stalen-kader-incl-dir-led-verwarming-color-changing-dimbaar-en-schakelaar-mat-wit,https://static.rorix.nl/image/product/overig/2000x2000/7661895a0b8f6caefc4426da1672b8bd.jpg/ink-sp19-spiegel-120x4x80cm-rechthoek-in-stalen-kader-incl-dir-led-verwarming-color-changing-dimbaar-en-schakelaar-mat-wit-sw955852.jpg,https://static.rorix.nl/image/product/overig/2000x2000/7661895a0b8f6caefc4426da1672b8bd.jpg/ink-sp19-spiegel-120x4x80cm-rechthoek-in-stalen-kader-incl-dir-led-verwarming-color-changing-dimbaar-en-schakelaar-mat-wit-sw955852.jpg,1
best-design-best-design-nero-spiegel-met-verlichting,Mirror,Best Design,Best Design Nero Spiegel met verlichting,Best Design Nero Spiegel met verlichting,379.0,premium,https://www.sawiday.be/nl-be/p/77109004/best-design-nero-venetia-ronde-spiegel-zwart-inclled-verlichting-100-cm,https://static.rorix.nl/image/product/overig/2000x2000/cec3c8d27a5c05900f539d39615db777.jpg/best-design-nero-venetie-ronde-spiegel-zwart-incl.led-verlichting-o-100-cm-sw353585.jpg,https://static.rorix.nl/image/product/overig/2000x2000/cea1b2a64740f5dbd8916ec4205b2126.jpg/best-design-nero-venetie-ronde-spiegel-zwart-incl.led-verlichting-o-100-cm-sw353585.jpg,5
grohe-grohe-precision-start-glijstangset,Faucet,Grohe,Grohe precision start Glijstangset,Grohe precision start Glijstangset,206.2,premium,https://www.sawiday.be/nl-be/p/77905111/grohe-precision-start-doucheset-thermostatische-douchekraan-met-glijstangset-60cm-ronde-handdouche-1-straalsoort-gladde-doucheslang-mat-zwart,https://static.rorix.nl/image/product/overig/2000x2000/96f2923e959c7b2efda9fb4907e1ce7c.jpg/grohe-precision-start-doucheset-thermostatische-douchekraan-met-glijstangset-60cm-ronde-handdouche-1-straalsoort-gladde-doucheslang-mat-zwart-sw1126436.jpg,https://static.rorix.nl/document/product/overig/d287fc3685928f202b09a527fa41f784.jpg,4
